PC1,PC2,tSNE1,tSNE2,UMAP1,UMAP2,cluster
1.0138454067032956,-0.2676009113078541,14.859801,-16.67048,7.5098653,1.2866744,3
4.0236703633628395,0.46675859220961274,1.5419173,-25.370771,8.812953,0.78816795,0
2.9464930660275295,-0.1403088143797055,-1.3183749,-17.361395,8.5931425,1.7780628,0
4.201206564445268,-0.680789884298716,6.668866,-30.295649,8.872296,-0.2480232,0
-1.6381034774180403,2.8396445342994707,-5.3562317,29.950735,-0.7575259,2.5076895,1
-2.9298551567724376,-2.248855376930656,-3.3265927,0.5688663,7.1934977,4.497752,2
-1.9868477655698595,4.354706282218619,-16.17703,29.521381,-1.3138707,1.5355258,1
4.7613320101542564,-1.6982010565769838,9.032948,-20.97999,8.150134,1.1511896,0
-3.0719151842989683,-1.823691576750049,1.408413,6.039322,6.612755,5.3405714,2
1.061071371556938,0.17117932502115327,-1.2557786,-14.794771,8.096095,1.7385724,3
-1.8223302696975578,4.535421983474211,-10.944502,31.859228,-1.05691,2.9898667,1
5.129178875569906,1.036221979912972,6.4335027,-31.091461,8.890604,-0.33438846,0
4.5249967639022985,-0.7061416590111772,6.7783313,-31.629898,8.828052,-0.32150835,0
-0.02362689732986089,5.800384179320418,-7.249591,27.4727,-0.5668257,2.0737054,1
0.32832081393362433,4.862357814054374,-18.459507,28.63227,-1.9131253,1.9059591,1
-0.7884978342143671,3.8946881611051087,-9.104427,25.959606,-0.9836161,2.3299341,1
-3.6548445483267558,-2.2641119094393747,-5.4431047,1.5113646,7.165842,5.3814373,2
0.8142479717613915,-2.8696464955445133,3.3376453,-14.246443,7.9388723,2.6776776,3
-2.414261013693703,-0.88338576372653,-4.3456836,8.062396,6.9673176,3.932905,2
-2.099894065844066,-2.521667634124491,3.932542,-0.14996356,7.9169145,4.6641517,2
-2.242421540217936,-2.3310448229503637,3.008687,-1.4303051,7.7460365,4.7245517,2
-1.6900768557039378,3.235684907504861,-9.614226,23.26214,-1.2710769,2.056029,1
-1.2166784567227351,2.099582531704913,-4.619182,26.227968,-0.5256462,1.967232,1
-0.9799549436109676,-2.149223864371561,-3.0824134,-8.801793,8.055123,3.1543596,3
-0.9288929162495052,-0.9354629908833147,-3.0714047,-8.809234,7.3531885,3.0612593,3
3.065155263440227,-0.5639063108309984,2.567299,-23.143175,8.844948,1.3009892,0
-1.3510313425426659,2.764084597007837,-6.104764,28.761961,-0.44068518,2.2607033,1
-3.186848140561191,-2.212733845357009,3.538368,10.351652,6.2579017,5.6023445,2
4.0242599757037985,-0.8047077096612255,8.376245,-22.07986,8.197497,0.75161994,0
-2.7200870940786235,-2.574198055184501,1.2467153,10.902888,6.20985,4.5831304,2
-0.30089646905553086,-2.438795162259056,9.293241,-9.629628,6.936122,2.3757608,3
-3.3438991387990162,-2.3666994354554456,-1.3982747,12.646393,6.5642695,5.3364496,2
-1.75943348684619,1.8645143582779147,-15.743418,25.163338,-1.5228981,2.31093,1
4.000021315100613,-0.8653620535685546,3.2226958,-25.21318,8.720752,1.206505,0
3.6706557991433164,1.8634322564275185,2.0072367,-20.074636,7.8300424,1.2551343,0
3.970943031174772,0.3294411854332837,2.978395,-26.082401,9.293002,0.7101534,0
-0.8202457426405112,2.9914277161877423,-10.86288,26.922684,-1.4057834,2.2697911,1
-1.6801042604612535,3.584826504547458,-14.968883,24.336061,-1.8921728,1.7138984,1
1.1670116331188076,-2.525663944242962,-3.6093328,-15.125137,7.323971,2.5556018,3
-2.6331039375035763,-3.078166936564082,0.72753954,0.48794624,7.0347843,4.2746515,2
-4.57387078603039,-1.0114205867464063,1.9099137,2.5754256,7.8181343,5.644073,2
-1.4618550486006732,-3.1690183483004533,2.2228673,6.7994933,6.963127,5.491964,2
-1.4509099809498756,4.4264690732542284,-10.48664,29.69292,-1.0606858,2.770567,1
0.6218861090182306,-1.6469187204608395,-0.9196609,-12.706896,7.3169475,2.6978028,3
-2.156333233961594,-1.5011396277255777,-8.488221,5.440355,7.5010014,4.273896,2
-3.3064853647128647,-2.396670343521643,6.0888333,2.7595773,6.9827676,5.3487315,2
-2.933887211416357,-2.738463117151142,0.6070815,2.478851,6.9766555,4.7948155,2
-2.837724921699076,-3.899118267944123,-5.105789,9.354702,6.950879,4.2529764,2
1.2112400326074646,-0.4620158818321073,12.669332,-20.093552,9.044186,1.3281201,3
-2.122132296995976,3.9431246917823137,-10.255141,30.49803,-1.1426909,2.6748936,1
3.1397127145172865,-0.4802349826790461,14.719543,-25.748316,9.299302,0.9000169,0
3.0587301589490634,-0.8860662923439756,8.931687,-17.735985,8.441993,1.4584342,0
3.4146590697909063,-0.5023847196458388,2.5916495,-27.92037,9.13783,0.40036485,0
-0.21052018327980293,-0.49748613472913106,8.772394,-6.854206,6.5116053,3.6721718,3
-0.85958302117616,-0.18321360347171253,-4.3365808,-9.80144,7.39096,2.853903,3
0.24242174122812357,-0.5591406399889981,-1.9156996,-10.176307,7.571805,2.845444,3
-1.1705291571059042,4.117106636576573,-6.1087785,27.668163,-0.5932878,2.2613945,1
-1.576662620853031,4.823232460570401,-12.872208,27.807915,-2.0159814,2.3359964,1
-1.0701568650111442,3.4209364075862494,-14.962705,21.329037,-1.3714999,1.880819,1
-3.14684167326093,3.1257889245533588,-12.866411,33.771362,-0.91347295,2.5707564,1
-2.978114343830817,-2.3469105651833555,0.0033238544,6.1411734,6.645043,4.8318763,2
-0.24409196554155288,4.332604743903736,-9.18006,24.238293,-1.3569891,2.1081738,1
3.044957874716425,-1.0018104888939625,2.1684005,-18.339254,8.650185,1.4924046,0
1.0167702226963764,-2.3109066490473764,-7.0533457,-13.51683,7.9036436,3.0375705,3
-2.4120844337520646,2.2851106631280533,-14.053644,24.011927,-1.3868991,1.6631681,1
-1.378023442501404,-1.102375256233259,11.238844,0.39801937,6.111804,4.275645,2
-3.574841184126394,4.985202913599993,-9.841929,36.51858,-1.4380699,2.678287,1
-1.1579335196534373,-0.8385566000707382,-7.5442686,-6.8729286,7.025262,3.5984867,3
-1.9473539691025281,3.3968130237250005,-2.612126,28.829031,-0.5581625,1.9949572,1
2.398150213679833,-0.6512964646282251,2.276423,-17.31097,7.999816,1.7029314,0
4.644317771654268,0.2793213791927913,4.5851197,-31.123278,8.977244,-0.07102129,0
-1.0027525501438201,2.889627376010942,-9.395028,27.03098,-0.9403144,1.9056917,1
-2.514373018389005,-2.0875699787377324,2.397406,12.498023,6.048799,4.684897,2
1.1724823421578499,-1.8428701662304263,3.8860247,-12.320616,7.8667502,2.2130113,3
-2.4733908682850516,-2.112963986402349,9.5171995,4.425608,7.0563636,4.9034443,2
-2.752975206784335,-3.435431316036196,10.70345,6.515589,6.0699964,5.547136,2
3.883851669821362,-1.4273864712303894,12.5362625,-25.105894,8.249096,0.21396317,0
-2.810912166260852,-1.9303443238787417,4.5015182,1.8219199,7.4971414,5.4838367,2
0.16144584545299517,-1.386546011933382,-5.050914,-8.317047,7.7935314,3.301443,3
-1.1309670785621313,-1.1127966171051138,3.1499462,-4.830437,7.703675,3.9202003,2
3.9041564614053006,-1.8662010471700037,4.3841443,-22.03156,7.7458344,0.8552814,0
3.321561488290565,-0.2956609639574446,9.603247,-19.930578,8.636604,0.7929668,0
-1.5310562519525472,4.902698205953969,-15.991709,28.326237,-1.6898828,1.7009277,1
-0.8455696915558022,2.712311272586878,-13.637341,25.341934,-2.106332,1.825128,1
-1.309646205982608,5.917603279015084,-16.49913,35.394344,-1.8020622,2.1804519,1
-3.396189965540921,-2.790250730430281,7.8855877,2.175165,7.4252157,5.6511874,2
-3.8283863759424626,-3.5281026188559506,-0.76793957,9.827589,7.324597,5.671049,2
3.445200544340856,-1.3283978855145029,6.9881964,-17.923035,7.7254105,1.3238646,3
4.825411149152335,-1.0140432355169995,5.1433816,-18.764158,7.810179,1.2975363,0
5.782050340868534,-0.529075918095629,8.430722,-25.172888,8.259755,0.2689212,0
-2.9609263057154944,-2.06875566224067,6.166443,5.7246,6.943684,5.831068,2
1.2709372989352063,0.17804925923576387,9.825456,-15.143754,7.485095,3.084454,3
4.406720611441373,2.4292440498867274,4.083582,-32.7435,9.141814,0.107273296,0
-0.12006682360003057,-1.3495253289644602,2.8326054,-9.215272,7.3018265,3.3751504,3
2.055117488171101,-1.640110097942276,-3.5762415,-18.930794,8.637103,2.49265,0
3.969187268870691,-0.49613731402250316,-5.032891,-23.871244,8.380779,1.0468025,0
3.293829500433907,-1.1832511743906111,3.3413877,-21.481823,7.595723,0.9339838,0
-0.33428247723515786,-1.7063275623972494,3.2958298,-5.960972,7.8005147,3.5621846,3
-4.048304940046881,-3.3498197746852933,4.381912,11.712596,6.8415055,5.4133763,2
-1.1475335845097838,4.315225849613736,-12.448319,25.114847,-1.3851022,1.7141275,1
-0.9371278303393907,4.062431534274834,-10.545437,23.38848,-0.91068816,2.2405996,1
-2.3662920314688587,-1.1699040919024106,-0.53010654,3.6870193,6.551831,5.1954975,2
-1.463878581282207,-3.292927265289197,0.725003,-1.9723816,7.024353,4.3361716,2
4.570192446380411,-0.710649892120246,8.139136,-30.216103,8.886346,0.035992824,0
3.373938020678161,0.37409129087880083,3.1918392,-21.51145,7.5661397,0.9445359,0
-2.290785499447302,3.6096345641560985,-11.753067,26.83108,-1.3375566,1.9026885,1
-3.225182814221053,-2.2450884485189118,1.928413,-1.4244407,6.9828534,4.6900063,2
4.5682049217995715,-0.03162808917221393,10.916698,-24.649559,8.376467,0.39376375,0
-3.033219053021206,-2.757400350405553,7.5026217,11.250728,7.056067,4.6648817,2
-2.0640556034760364,3.4960636404400893,-3.0530825,30.009325,-0.45383555,2.7713726,1
-2.7370609322015804,3.966763521362329,-20.485983,27.308449,-0.8058386,2.8468366,1
-0.8972645496320182,-0.12144348789624657,7.5510035,-1.3156135,7.5265293,5.0098214,2
1.3125789953311204,-0.40953810776313576,5.4354625,-14.17469,7.2399106,1.8927271,3
4.186976096961291,1.1744389893482667,5.7303534,-30.057615,9.015351,-0.20497091,0
-2.4023163331544457,-2.8820785927498336,9.534776,8.6629715,7.444916,5.667439,2
1.7867729021537206,0.15198450094059135,13.468324,-13.869191,8.756473,2.5348935,3
-0.2906512175430568,-2.341086361805695,5.4688864,-5.9919844,7.1531014,3.5401094,3
-0.43583512922654977,3.680227784712362,-5.1335273,24.440887,-1.2909337,2.6033585,1
4.0564581990176665,1.8310830752517542,2.0534284,-31.979174,9.421969,0.3802166,0
-2.9281643786636673,-4.171332828284213,-6.5802355,0.5494355,6.936667,5.1034718,2
0.24979975175979496,-1.6117620758791247,4.833104,-8.235863,7.608826,2.7736194,3
3.888562170392778,1.4515429437914862,1.1376526,-31.666292,9.490366,0.3271635,0
-2.960964205747922,4.232278912559047,-13.722295,33.716656,-1.0627443,1.6820982,1
-1.5951605297359854,4.298457643190297,-9.425349,32.331932,-1.3651992,3.1822615,1
-0.3414991219326765,3.0375387422715114,-18.305773,26.503809,-1.7880155,1.5959417,1
-2.052020219257268,-1.339780836701313,-4.859703,2.9515169,6.2822266,4.505754,2
0.21259313412638525,-1.2966572091378001,7.9484897,-9.216077,7.2351055,2.7756445,3
2.086122984161233,-0.02408332402564443,9.024078,-23.870932,8.587964,0.34550485,0
-3.698950129825702,-1.4683039475785664,0.8827294,3.60269,7.073894,5.461631,2
4.659620795631492,-1.0766557480594112,14.584695,-21.955784,8.784749,0.7212597,0
-0.167678618868764,-1.3736491188729183,7.5022697,-14.3685255,7.352443,1.7244538,3
-2.312843633335636,5.9545462657255355,-15.77462,27.736538,-1.6240205,1.59254,1
-2.701500169797631,-1.8914906061741386,0.49039918,7.846197,6.4008527,5.549249,2
-2.5665472073749114,3.7443530875608935,-9.78752,33.843185,-1.6269959,2.7789323,1
1.3294203712428172,-2.526351813128569,-1.4019076,-6.3972197,8.29531,3.3717608,3
-1.2924704257217805,3.6421080156181174,-12.024149,29.788221,-1.4562078,2.4012403,1
0.2678637038346095,-1.1363652960751218,1.6985751,-14.632107,8.207637,2.2284439,3
-1.945203186829469,-1.6785786015666864,-4.890948,-0.3980415,7.185326,4.302391,2
0.6749225418902797,-1.4048304988795797,3.6982565,-9.557358,7.1541038,3.0944822,3
3.3279373327387063,-1.3226426785986414,-3.6759617,-24.63072,8.191238,0.7229699,0
-0.07080568801130417,-0.6885004982991069,-1.6114583,-11.339218,7.9739304,2.5137239,3
-1.6714663433163908,3.183691412947104,-16.73623,31.711897,-1.8485748,2.5201201,1
0.6409857895598735,-1.0688319272919653,5.4167457,-12.241898,7.566667,2.386028,3
-1.521720341589281,4.8675820146765245,-11.603595,30.333677,-1.5521424,2.5445607,1
-1.855073618570967,-2.4946776204564305,5.0845876,-2.4204364,8.008779,4.8052773,2
-1.1292766429483079,5.273372815338575,-7.9196477,32.168312,-1.1367092,3.047397,1
1.6711346280487536,0.480655029053906,3.1403549,-17.055647,7.951069,1.809221,3
0.4303742730574984,0.721793839525278,10.007009,-12.6619005,8.284629,2.4700725,3
-3.030405482752561,-3.679497283543698,-2.9812543,4.9310646,6.2241344,4.496266,2
-1.624329513734721,-3.167374573853347,7.781033,6.976856,6.1025,5.2890334,2
3.2622429817682628,-0.9749804940636172,6.939084,-25.80219,9.33475,0.55398726,0
-1.5341855955250154,4.491183897778666,-13.743269,30.596395,-2.042458,2.1483727,1
0.2590225116669857,3.7816929532529793,-4.2184563,23.268898,-1.6436559,3.0284693,1
-3.162327189727439,-4.740439945235095,0.94265515,-2.056512,7.4015374,4.9628515,2
4.237859906350354,-0.12708134363515264,11.831793,-26.252993,8.154369,0.14105806,0
-1.7100062583794384,2.975096792181421,-14.122243,25.050964,-1.9113467,1.6584492,1
0.5211845458896984,-1.4224176401487414,1.1663425,-8.150722,8.081064,2.8782496,3
4.16621149497115,0.48115647190017247,1.7792926,-25.002378,8.59749,0.5618115,0
-1.7193763880740347,2.830375516419335,-6.281076,23.332502,-1.1045586,2.2041035,1
-2.0126978066228793,-2.4938597401528235,3.4669626,-3.7298865,7.854436,4.132322,2
-1.8266977005746068,-2.786467799531404,-1.1056368,3.051624,6.3561077,4.5534425,2
-2.8846389151893375,-2.4115848525872727,1.2865796,6.7267165,6.539032,5.270031,2
-2.706454072272149,-2.540022964231816,3.629683,10.170345,6.314548,5.770912,2
-0.7224409857667093,-2.0572750155998247,8.511671,-9.663595,7.293115,2.9277709,3
-1.7184069823029393,3.3292078996942784,-3.8473122,27.752167,-0.34633285,2.2353046,1
0.4164903496608144,-1.0954530897920371,0.24632038,-12.497974,7.2437105,2.7657638,3
-1.9993417802443103,-1.7762328802308747,-4.7579293,0.35226354,7.0103545,4.4553785,2
-0.49962143923106506,3.230259969490474,-10.452019,26.484554,-0.97336686,1.6993737,1
-2.223138330158033,-3.714979405082244,1.9604564,4.7516155,7.0213356,5.2098045,2
-1.8185895943017785,-2.0307501178933234,8.313911,-3.4139612,6.775315,4.052349,2
1.064594997123003,-0.9411847681258751,6.140498,-10.942591,7.668978,2.3220954,3
-1.0651555519130993,3.939438408981517,-15.043375,31.420721,-1.9055188,1.9175732,1
4.265610731235723,1.46851725881563,0.9674788,-29.82416,8.173788,0.79707825,0
-2.2640066718530916,3.0251366963453408,-10.254186,30.70008,-1.0470068,2.9506922,1
-0.41750062053234277,-1.444439404298056,1.3533026,-6.228465,8.242899,3.7927537,3
-1.6292370000832848,-2.489763183317704,-7.9985523,-1.6281894,7.6635394,4.652605,2
-2.4484673530723864,-3.4777034601716585,12.18764,4.2467074,6.690582,5.379328,2
0.7077483188688584,-2.014786293091417,-3.9038188,-13.738489,6.9410343,2.9400177,3
4.378705424669977,1.5674008611034365,3.775664,-28.418867,9.298529,0.19105032,0
-2.2707518317436177,-3.024023641918474,10.662973,1.6146121,6.0255017,4.955197,2
-2.338184473384951,3.0364231844510865,-6.1866055,33.823856,-1.1485116,2.0848613,1
-2.7887703209110035,4.200367707325946,-9.505935,24.362015,-1.1960639,2.044854,1
3.980984974714042,1.3532094923376399,2.8123996,-29.952757,8.854843,0.3120186,0
3.643829171196428,-0.10820552681517785,6.211916,-23.569225,8.386822,0.48591545,0
-1.6495572852377953,4.322521369964407,-14.191101,32.346474,-1.7942666,2.1945763,1
3.7314267612162557,0.9279478046267198,7.5105896,-24.907335,9.460921,0.93810046,0
1.3281440049304891,-0.47156948224388257,5.8888,-14.628227,7.2952747,1.6638969,3
-2.4406739186622954,-3.667852840705089,6.5466204,1.7470474,7.323087,5.4292707,2
1.1478741759897628,-1.3164588960201868,1.6003296,-11.934866,6.869502,2.9489763,3
-0.7445129914431554,3.003787418530482,-16.610073,23.45674,-1.926359,1.963442,1
-0.42183775307434074,4.9143152999115705,-17.60829,28.70799,-1.9128826,1.8596412,1
4.508394710371987,0.6069789778432941,4.482421,-25.701265,8.714125,0.38936004,0
4.221261907961608,0.44496109362772773,-0.76762474,-30.26471,9.157507,0.6117279,0
1.0438501316130633,-1.0768070474425304,4.753866,-10.981943,7.738492,2.6249602,3
-1.110771977102842,3.7157335540620493,-19.098967,24.740177,-1.5336878,3.0116482,1
-1.7189312611684509,3.0277116708876353,-8.257598,22.652061,-0.7237264,1.7001885,1
-2.383728542900753,-2.5359332244721235,5.5106997,-2.2462943,7.955872,5.204582,2
0.04426595154629175,-0.8039543922021886,-0.64422715,-16.473358,8.537941,2.8623521,3
-0.6816322577978128,-1.0091193456758454,1.7909032,-3.799752,7.318237,3.5351448,3
2.99909059464556,-0.5114161610955241,-3.6736138,-24.63655,8.271744,0.5585618,0
-1.8982985133997023,-3.8407501880108392,-3.6962836,-2.2068172,7.5119925,5.014977,2
-1.37921156915026,3.2081368513292787,-7.6739173,32.95891,-1.2715894,2.994278,1
-2.3910038560549594,2.6875980418525423,-9.820433,21.928108,-1.6376518,2.1827192,1
3.36524423824264,-0.19004538894185952,7.063442,-25.336784,9.496896,0.84742486,0
-2.018221064614345,-2.385482797904623,-2.7233005,3.3296735,6.312147,4.753038,2
-0.11728959649658129,3.5007403648987947,-12.863141,29.174046,-1.9603873,2.495277,1
-1.4724917726856683,2.780937420699983,-13.139609,21.208223,-1.0831741,1.5989573,1
2.6717566840904907,1.0723854253197422,0.686217,-32.41016,9.482756,0.29562554,0
-0.526276173929745,3.772563342826852,-6.785252,23.58236,-1.0060977,1.8632067,1
-2.1520155257449534,3.9034817749008286,-9.051849,32.661495,-1.202551,3.1310308,1
-1.7595213662707432,-1.507061602945297,5.2901316,9.872866,6.35141,5.5075126,2
3.671989207763032,-1.4688973914696648,3.5619583,-24.687403,8.728299,1.1673864,0
-0.5612723106816145,-0.7356156184230118,-3.7913048,4.387445,6.0140767,4.3269672,2
-1.7583169276679251,4.021612829091066,-17.087763,29.66855,-1.8411299,1.7517608,1
-1.3578277576327553,-3.0013949538957236,6.418498,-2.8196862,7.3280005,5.726589,2
-0.6759869792638358,3.9651965459237237,-15.0269575,27.509518,-1.5619792,1.624625,1
-1.2099061141659515,4.373273065247201,-12.127049,26.890186,-1.0832057,1.6276681,1
1.1215735343711433,-1.462295232238198,2.7011263,-10.413476,8.340108,2.8157086,3
-1.8103001894804034,-1.4301537887452704,-3.306449,-6.4043083,7.5171156,4.512231,2
0.07667769247338405,-1.329668182813614,7.471028,-8.506722,7.003032,2.6864188,3
-2.3835994527748974,-2.371349521292797,-2.8762484,2.920515,6.0535245,4.641755,2
3.525684798455642,2.623890916622774,11.468268,-20.25505,9.416304,1.0551044,0
-2.353690150464645,-2.8349836952373093,3.880589,8.602907,6.46923,5.7076454,2
-1.252645309952665,-3.158563389779415,7.9443955,5.4676776,6.0666447,4.880409,2
-2.1998451461017354,3.3405851391362034,-12.94736,27.926168,-1.9920912,2.3781686,1
-1.722217509434988,2.83894342170912,-10.85912,25.20093,-1.0323595,1.8337187,1
1.1500926738716262,-1.429541897650134,0.3948531,-10.290145,8.04941,2.8598115,3
-3.7217714764945358,-2.5971339898263706,5.309939,-1.2918594,8.059947,5.115541,2
4.641536557127218,-1.4115058643445504,5.286865,-27.422129,8.951699,0.21993364,0
2.3017324147076534,-0.006615978506608986,1.3103435,-25.723219,8.916711,0.85974836,0
4.605604506432675,0.43195414453491293,4.6872997,-24.614975,8.676009,0.4040667,0
-1.8423601786377248,-2.2462422476816353,-2.7378697,6.871866,6.300495,4.6642447,2
5.084847851543408,2.1076824484738985,7.2132115,-20.63049,8.240428,0.9324299,0
-3.1906168982177223,-2.3785446553913117,-0.9840278,2.4901757,6.281118,4.391843,2
-2.7663857444795243,2.0900182303203905,-8.069202,21.127325,-1.1711174,2.122331,1
0.4284738584711375,-0.43199898996374875,-0.93641883,-14.480838,7.874465,2.7271938,3
-1.3322200386764798,2.913885028255828,-11.080967,29.04549,-1.0973314,2.5668614,1
-2.2199334165149835,4.325482206658508,-7.813056,31.623758,-0.89544,3.245122,1
-3.4010964601135028,-2.3387584000675634,-1.4461318,-0.4934517,6.7097754,4.5603786,2
-1.9452466072098045,4.450987247228853,-10.966771,32.72359,-0.8773978,3.057066,1
3.317197152877464,1.003011738811116,4.3256493,-23.888079,8.651571,0.49908718,0
1.52520628519868,-1.4538777298871615,3.542853,-11.706036,7.7573853,2.4205804,3
5.728804855354664,-1.9875672409721916,10.760666,-27.776932,8.118552,-0.00922064,0
-2.9200554382288995,-3.449561334976566,12.41579,5.8871737,6.592697,4.9477224,2
-2.2445184764566077,3.245983001924625,-9.573013,24.498129,-1.2961292,2.0063193,1
2.461994654705512,1.2300786300954196,11.84516,-19.445177,9.108964,1.580561,0
-3.208631220269867,-2.8843282594978215,1.6583265,11.992732,6.0013833,4.6705055,2
5.27610184910256,1.6020585350855112,4.704047,-29.317104,9.204051,-0.083962575,0
3.149429182845699,-0.2442162094962547,12.697135,-24.747967,8.450065,0.014053403,0
3.472475091923567,0.15310299912901187,1.5096272,-22.796728,8.87036,1.2114868,0
-0.7756874156848295,3.0449079231846174,-3.2743587,32.80623,-0.5521773,2.8764613,1
3.567996420339052,-0.9733420177488162,4.50347,-25.730663,8.749138,0.3217213,0
3.4199449313447774,0.43469521421113705,1.2097641,-20.007957,7.936843,1.048645,0
-1.6748468180540665,2.5413464485597994,-12.51505,31.845684,-1.737648,2.1634471,1
-1.3351249997032242,-0.42167212651809427,-3.6801589,-4.2585936,7.58991,3.825403,2
-1.6596665790502232,-1.2272325711525176,-0.92339665,-2.0595045,7.0514107,3.6908097,2
4.996090680916068,0.986673925977037,7.536669,-20.354464,8.400517,0.90695775,0
-0.4499762424276379,-2.1909277037834585,-4.4248176,-8.296293,7.7033753,3.3917174,3
-2.854920789456061,-1.7977953306193215,-1.0847064,10.434339,7.484141,5.576053,2
-2.890296867403708,5.749857308813575,-15.398884,31.207096,-1.8235868,2.6116357,1
0.09294612707365986,-1.2850551747615802,0.57005024,-4.0346556,7.1189775,3.446637,3
-0.4930792881872049,-0.9162594872275708,-0.6033883,-6.5402703,8.378413,3.504257,3
-2.4774868455412395,-2.419443530218776,3.1320076,-1.0942556,7.913301,4.9852514,2
1.2389102838103228,-2.3273869065465056,6.7509956,-14.548517,7.128583,1.9919114,3
4.726159740085846,-1.0699089260639738,5.239266,-32.69112,9.094052,-0.10892248,0
-3.212283011107114,-2.214459870974524,2.6794558,8.251359,6.717847,5.918141,2
3.328098607847411,0.33985299488268067,1.5103389,-33.790215,9.24097,-0.042472668,0
5.078327139506462,-0.411357151456138,1.101265,-25.889528,9.071756,0.67130214,0
0.4804669810257997,-2.0526937143483,3.596568,-13.845926,7.7450223,2.5656257,3
-2.236718662169417,3.9462508784211408,-14.903356,31.107601,-1.8906972,2.4906683,1
4.054431373126638,-0.2023163935057561,6.1550393,-28.793919,9.350889,-0.09632673,0
0.7207662254140145,-1.0960532405911343,-2.8210697,-18.844328,8.632311,2.388783,3
1.8758364793832651,-1.0319953391144177,7.4130864,-11.984144,7.3684916,2.1653967,3
2.748710736207337,-0.06361945727225074,-0.04525804,-28.002047,9.456091,1.1705399,0
-1.928029658322479,-1.9412100580869576,9.033347,-0.54061306,7.958063,5.1242733,2
3.696855232795727,0.06245343379761457,3.0717778,-23.899704,9.015506,1.0732757,0
0.5747913084716176,-1.8256654269433934,3.127304,-7.4704585,7.2455373,3.4711883,3
-2.931296121485415,-1.9356561279175495,4.1735153,8.720607,6.534662,5.9467835,2
-0.27716379379133904,-0.11857920441288314,-5.6641984,-12.3344345,8.504648,3.0571487,3
4.681956931041163,-0.4961768062572374,4.511183,-29.458694,8.877749,0.19395776,0
4.622019387185685,-1.0441136016200336,12.154215,-28.100979,8.100326,-0.10324052,0
-0.6978585922234843,-1.5864038475063222,6.687089,-0.25700134,7.917872,5.0877986,2
-2.2858312588232153,-1.8866547955709931,-2.275457,6.414068,6.4056945,4.6078615,2
-2.927727257476227,-2.389731481524121,7.584612,9.266389,6.9132977,4.8461204,2
1.5684192702101836,-1.8298130697224626,-2.4348862,-16.648388,8.207032,3.0895433,3
-3.001908951954653,-2.100350029436915,5.4726543,9.161561,6.6544394,5.8676195,2
-3.6187933736098206,-1.6688377155150043,-4.473471,5.9331903,7.192383,4.9998784,2
0.2867452373654338,-0.8045031393368659,-2.7983274,-13.84994,7.012713,2.4527826,3
-1.513459164241405,4.540988015886152,-8.82506,30.649857,-1.2591774,2.8629856,1
-1.305007040093538,-1.4656082865497067,12.330514,-2.510487,7.3544574,4.0422606,3
-3.1349641061750018,-2.7774639788860855,-7.4460917,4.571394,7.399382,4.623523,2
-2.2333656886791107,5.0383903918964155,-14.712719,28.709211,-1.5035648,2.2963371,1
3.886451695280035,-0.40164126965850466,8.859099,-19.038792,8.124874,1.0201963,0
4.309095756731078,1.0483380014368713,-0.9301639,-27.477654,9.416526,1.1693661,0
-1.6710785137243194,4.843179555168957,-13.006083,31.407701,-1.4947177,2.4586036,1
3.3548878117814054,-0.8210855351499754,8.94193,-19.508512,8.187707,1.2250369,0
3.797907503619155,0.70471312177066,2.4266636,-27.519041,9.337059,0.42873856,0
-0.9190218705843037,3.3224594559469147,-7.982613,27.123688,-0.3573893,2.0654716,1
-2.068151419882946,-3.4815873107559487,-2.3480828,-3.3381872,7.5558968,4.4728823,2
-2.0460192085699007,4.239336954566394,-14.069888,29.58905,-1.5916611,1.7267932,1
-1.6674066042841424,-0.34637653242630767,-5.2361565,7.402484,6.826106,4.1726346,2
-2.156203407509158,-2.146669612480867,2.5552697,0.6508598,8.028586,4.791847,2
-0.6232192603955801,-1.1615300284860888,10.470847,-11.709784,8.381496,2.7337298,3
-2.5861961577844514,-0.4684768576900916,1.9356018,15.7485,7.8204803,5.184653,2
0.2504100986425475,-0.9368318395017027,0.68578017,-12.006171,7.58311,2.5347867,3
2.724960589405832,0.28362445679424136,0.40441734,-22.267149,8.861722,1.2766919,0
-1.324077734513,-3.0938142595021896,-3.407371,-0.9800053,7.337613,4.7472568,2
-3.835746036888298,-1.884958674587242,1.7551106,2.8262064,7.8149633,5.6116157,2
0.5174488718764577,-0.8107446745661677,5.266176,-13.858603,7.222213,2.3996394,3
0.0015943328092281862,4.3726582450625635,-7.1312904,24.780432,-0.4996399,2.1467938,1
-2.124327141652539,-2.171687670707513,-0.094739564,6.1505837,6.5647874,4.693831,2
-2.55210411294846,2.8063741122728496,-13.55691,24.591812,-1.12618,1.5144446,1
-2.0521016734945294,-1.4309045046439455,-5.026112,9.716983,6.9760137,4.3371887,2
4.345925429252875,-0.5294709488654862,5.613286,-26.151585,8.427553,0.051009674,0
3.4292454775613854,-0.22137123405899434,6.107795,-28.202377,9.209463,-0.1308136,0
2.912138110180743,-2.1990295104706328,2.1771903,-16.712929,7.823639,1.8072652,3
-2.4012875535414935,-2.7620250545314193,-5.5691276,-1.5058278,7.379624,4.2678533,2
-1.3675774322539747,3.2652191175962924,-9.367147,26.98563,-0.894336,2.0967455,1
-0.7510845775409035,-2.1743703911952244,-0.77611214,-4.0817585,7.269138,3.8719094,3
-3.641667543999021,-2.7527943591505672,8.069024,3.2385557,7.0475206,5.681662,2
-1.9867134933867088,-1.7410714823215454,-7.484305,7.934775,6.5852084,5.05791,2
-2.8035521772628584,-2.097846958214438,-7.0273027,1.9991864,7.0897493,5.254486,2
0.650143599353933,-1.7819213207873608,3.4634335,-11.531738,7.649619,2.786151,3
-2.905679109580764,3.517645989136758,-13.718322,29.4071,-1.5903482,2.0221705,1
5.557200379960562,1.1544880770057049,6.8623796,-22.947239,8.055653,0.40320507,0
4.186858371654055,-0.6255870727530255,1.7375712,-19.997372,7.7726026,1.1705818,0
0.6846103628277218,-0.000944922916347457,13.042552,-12.064089,8.333906,3.0234907,3
0.6935532596404178,-0.6680531030765364,-0.3195044,-7.949965,8.3924885,3.0906138,3
2.7307914489942813,-0.9572984671860769,3.2853596,-25.12144,8.73523,1.3113284,0
-1.9468448670982212,1.9757171772150275,-10.508925,16.563095,-0.76721716,3.4692767,1
-2.266587849201674,-1.8464910843025977,6.261616,-1.578952,7.837557,5.3026376,2
5.215055583971983,-0.323652936752885,12.641916,-28.29038,8.054901,-0.030305164,0
-2.028815092309376,3.415548566111727,-3.680279,29.063688,-0.35862496,2.3749797,1
-2.873771189559451,4.571231033737632,-11.234156,29.007462,-0.8947829,2.7496634,1
-2.752305103900644,-2.841665961198734,5.280422,0.57434803,7.774264,5.281995,2
-1.5159070569270128,3.4477725024830823,-17.307238,29.966053,-2.000222,1.7517165,1
0.6463234984504139,-0.18042177314917068,10.432997,-6.132993,7.9310174,2.2599247,3
-1.3942181692660076,-1.1939171266550619,-0.93440485,-1.4031352,6.9929657,3.7931578,2
-1.9873224279710764,-2.2574442576090874,-5.499815,4.7252746,6.585034,4.9234905,2
-0.6266216534044411,3.8586598141208532,-8.190329,28.8662,-0.5916959,2.5887783,1
-3.2873811479244144,-3.4104117879640072,8.193424,10.2569475,7.3074384,4.541755,2
-1.8362400418505052,-1.781398372479452,4.1897697,-1.1589476,7.9452806,5.0574183,2
-1.9633858722820072,-3.1718997639436735,-1.1498821,8.078821,7.206123,5.736064,2
-0.5741629051584782,-1.9263834037960832,0.21324296,-5.337458,7.7993636,3.70269,2
1.023493898434774,0.7215355237231089,-7.0181255,-11.023936,8.402982,1.9959966,3
-2.437458069146106,-2.818092249488617,4.3029227,2.68643,6.891509,4.785682,2
3.880540596109391,0.356996830237465,-1.0252236,-28.544409,9.339237,1.2448424,0
-1.567539802410439,4.127304762599406,-7.609146,35.015945,-1.2447267,2.1602697,1
-2.6564426461227324,-1.8454479558908061,2.2803838,7.4962053,6.4954743,5.7800555,2
-3.337593208852652,-1.9452100382499038,8.811433,2.249719,6.881147,5.344566,2
4.889499667511968,0.1114120429500632,0.9446316,-22.99635,8.858307,1.0813457,0
3.8139730234070535,0.43179929456625904,3.5736263,-29.619747,8.837375,0.22366524,0
1.486007586188535,-1.3393761448800798,-2.1493196,-13.248087,7.4242873,2.4226167,3
-0.8345690147125941,4.785282358788872,-10.899667,32.065937,-1.0178586,3.1210074,1
-1.6046052971450266,-2.906135308622565,1.1075939,-0.070434116,7.433878,4.296991,2
1.4621131434608672,-0.9016674151813386,-2.9852788,-11.111438,7.9385495,2.7832925,3
-1.740587834293481,3.8309751227430615,-5.448635,29.938852,-0.83472496,2.3494053,1
0.4989816214285254,-0.5547362727810314,11.261735,-12.818777,7.967285,2.7135558,3
4.983726914034429,0.13224981165189387,0.6735175,-24.752295,9.115983,0.822436,0
-2.1648210722597403,-5.009208642061864,8.631771,0.39379948,7.6759734,5.785856,2
0.4037593902423072,-1.7643682821655993,-5.4545455,-5.644834,6.7073736,3.3788557,3
1.9444737896821591,-0.1533508948409342,4.52012,-15.659083,8.171368,2.407937,3
4.406499298667516,0.2281274554440693,5.851231,-20.613274,8.017263,0.93080884,0
4.656890930449336,0.05912841530982022,-2.074486,-26.346085,9.333454,0.94464374,0
5.373034834801418,-1.158257310064213,6.7776566,-29.660109,8.69458,0.43451265,0
0.5174103727404673,-3.141316722206782,1.2334542,-9.590249,8.258806,2.9179761,3
4.087540137398881,-0.08534148821729032,7.767847,-19.980028,9.021689,1.4566861,0
1.899131209074687,1.3421290337119987,11.514776,-19.948957,9.267048,1.517252,0
-2.0434238123186153,-2.038145992320879,9.880825,-3.5179622,7.82983,3.8901386,2
-2.003024859550558,3.6345941231384433,-6.016452,26.080873,-0.9392045,2.2741697,1
-0.6389367633973562,4.452925711788054,-15.219666,33.011784,-1.9795015,2.278503,1
-0.13084722892016099,3.5999751463031755,-7.8805757,23.82591,-0.93643945,1.8716046,1
-1.2921198665909117,3.293775037750913,-17.693554,25.951283,-1.8512826,1.6856624,1
-0.5386472756018462,-2.5876745804663717,-1.0100195,-4.564483,7.4708633,3.4858327,3
-2.206547962968857,-2.4515319330649414,-2.1771111,2.0483074,6.37551,4.5593967,2
0.021198296006536263,3.6679816609072,-5.6554737,32.5001,-1.6090912,2.729603,1
3.7040911746748524,-0.5987877490138958,2.4932966,-23.653711,9.211313,1.4485012,0
-2.3547301336272386,4.552233952983528,-14.844629,30.079294,-1.600249,2.7737918,1
3.249801330941061,1.605066750796079,9.260328,-26.184452,8.667562,0.0749486,0
-2.8334700796021983,3.4572442105806727,-11.767583,37.809868,-1.4399334,3.0114996,1
-1.6053315839831845,2.6427961290136,-6.3854737,22.020899,-0.94252926,1.7018979,1
-1.6782764820081266,-1.3840836004771386,11.710819,1.3933868,6.085703,4.2034945,2
0.35044454216763393,-1.8448857950593005,0.6172844,-8.2858305,8.181787,3.0299273,3
4.975326107902947,-1.149594058541445,0.47148114,-26.10842,9.100718,0.48873132,0
4.500217197736556,-0.5721179772637999,6.3667,-27.00202,8.919101,0.03239643,0
4.56326119891537,0.43005399211278056,3.4008057,-28.02276,9.2637615,0.49108294,0
0.7740233323275237,3.6719264712887134,-11.974528,30.988049,-1.7301188,2.6421673,1
-2.0456816729294327,3.199134521867492,-14.15485,34.809444,-1.4975632,1.6440256,1
1.540631828380835,-1.4014196189745523,6.7160788,-12.728698,7.2238045,2.031064,3
0.18583250981716234,-2.3060172792202773,-2.1354883,-13.121525,7.3972163,2.6856084,3
2.251857247685962,-1.04829492595594,10.64162,-17.986486,8.811248,1.5546904,3
0.3385568471118902,-1.3229562412225513,4.565426,-12.963767,7.5465307,2.0811934,3
4.322063344333429,-0.23806823573131897,5.692281,-22.06503,7.6745844,0.5384223,0
4.410341203212462,1.2556905226365451,7.9960365,-26.160048,8.5529995,-0.012570009,0
-2.8164912344051145,-2.298634211139646,2.7988386,11.985308,5.9807954,5.056898,2
0.7585652712324198,0.3746676344544435,-0.8140636,-16.440556,8.50453,2.7466564,3
3.9493213069458784,-1.3047795357461944,12.743452,-29.92297,8.56442,-0.27008992,0
4.432102403418498,0.27516732643715625,8.030174,-29.639853,8.542319,-0.1418785,0
5.268874558045574,-0.9273553288323187,9.917393,-24.03546,8.0961685,0.4000218,0
4.777637506677383,-0.7051236926082222,9.470829,-21.306606,8.477649,0.76423544,0
-2.5656717231014756,-1.1538943106675894,-3.30801,10.84471,6.394746,5.4324865,2
-1.0869716783814989,-2.2449543981998215,-2.4571142,-5.139838,7.11937,3.8107822,3
-0.17367763151451374,-1.0619387384105559,-1.3390379,-8.586931,7.9482946,3.2703974,3
2.5784911160375343,-1.364081361603729,0.3221105,-31.34757,8.777592,1.9773864,3
-1.3579835331132413,3.159606194290928,-3.4620702,32.793175,-0.7050835,2.7346492,1
4.373736993682927,-0.7757176458871604,-3.9829085,-26.576473,8.269391,0.20226596,0
0.05645890851561601,-0.7480360093477201,5.8189716,-6.6815414,7.077186,3.1578379,3
-1.6441178266721286,2.837208283900603,-12.380086,26.76431,-1.706555,1.8036289,1
2.8969084110969834,0.687353172327289,3.351466,-30.79288,8.809949,0.30936128,0
-3.108176209816676,-2.515668155353666,9.519042,9.038273,7.446709,5.674926,2
-1.8112836115635287,3.801856989369981,-3.7443812,28.226463,-0.34258065,2.275166,1
1.7042319152476788,-0.10095752859414041,8.216708,-17.041224,8.191449,1.5522139,0
3.0606904954215373,0.011324846571171231,9.61479,-16.893833,8.063127,1.7837889,0
5.400805019433377,-0.4274963122475146,11.768247,-26.06941,8.238203,0.26328585,0
-2.611725925384999,-2.207471996515826,8.687698,-0.06632164,7.7250504,5.385221,2
-1.5180017371805854,-2.6375661086289033,0.042634048,5.4296885,6.535207,4.650374,2
-1.072111759226865,3.0821882871993633,-10.325506,28.226692,-1.3064983,2.2905767,1
-0.9383083724441763,3.9498790779927373,-7.687918,30.572123,-0.7713196,2.7812762,1
4.878402676035836,0.1518690727860869,5.049172,-28.758856,9.233976,0.24339306,0
0.351853607405951,-2.1396238605414974,4.5744534,-8.970672,6.9392767,3.0190897,3
4.045609469876989,-0.8980009407635227,-4.1576056,-23.082478,8.269137,0.6494444,0
0.8427988948953412,-3.0830107248834953,8.506762,-14.488374,7.4063587,2.1205587,3
-2.5694580523722546,4.686988379486048,-13.485802,30.662325,-1.7878152,2.2255485,1
-3.4472558159043944,-2.4834459263988062,-5.393853,5.4330673,6.8423114,5.1906414,2
-0.7358615353730563,3.487253271983307,-17.48928,33.88668,-1.3458779,2.2425098,1
-1.7462443539017127,-2.2767953340116005,-1.7366779,3.4975998,6.5492377,4.5876307,2
-3.3264632821299536,-3.1414437556532375,3.984699,5.0507364,7.5925574,5.8788505,2
0.6817108415489866,-0.6947542391781466,0.8009562,-16.649372,8.075739,1.9193751,3
-2.5293467254524296,-1.805761259589967,9.174635,3.6635764,6.6377487,5.485688,2
-2.9095365947312066,4.493137963585422,-9.454184,25.451677,-1.1797996,1.9837068,1
-2.5877397095223653,3.62788369196671,-14.965286,26.135386,-1.8039731,1.6567291,1
1.5748818487767169,-1.2487091475810561,4.321552,-9.572082,7.0280037,2.8408835,3
-0.5697806913061543,-3.3474419613635984,5.561123,11.105878,6.069267,5.4450393,2
-3.432918559344142,-2.4164702177314905,3.4912357,-3.581442,7.7773805,4.1346774,2
-1.0538207504830421,3.007808843590455,-11.05453,27.872105,-1.2171232,2.3560038,1
0.2205350766512032,-2.531454217373621,3.105392,-6.2341375,7.999405,3.4626904,3
-4.427408484425058,-3.4926039578360717,-0.21557228,3.9860075,6.999056,5.7881794,2
4.409855591268247,-0.0464872914951709,11.174496,-25.123766,8.45807,0.17964196,0
4.0331133202457075,-0.1653825863600654,4.1757584,-26.559614,8.726584,0.3882566,0
-1.7821878556257202,4.846865300451657,-13.904102,31.487701,-1.4860727,2.532231,1
-1.2591735764947587,3.251824645444485,-15.009835,25.446907,-1.5877085,1.6817986,1
1.9986695146766662,-1.665738054128824,-0.32854092,-17.235126,8.599377,1.9236943,3
-4.297069883544099,-2.3505580334600746,1.0228691,9.066369,6.4722624,5.2009544,2
-2.1887278370964833,-2.303189387890656,7.326017,6.0141296,6.2243853,5.609525,2
5.047723832302594,0.7322508915670891,-2.5391479,-22.145851,7.8729076,0.47882748,0
0.03377723051549486,-1.926547231594266,13.005178,-5.1755977,7.5749564,3.427716,3
5.100764113664889,-1.2730321014542716,3.9626598,-22.594664,7.8981895,0.7821959,0
-0.22512446691503238,-2.447496288558309,12.243635,-13.0852995,8.545618,2.7587712,3
-2.0920936399364463,-2.777885239870542,0.99177885,-0.23039725,7.04884,4.382755,2
-2.0732016901214187,-2.413270610821499,-1.4184816,-0.72345054,6.5734515,4.3241634,2
5.747135339771854,0.6161647346537298,6.1203294,-23.852877,8.0348215,0.31883383,0
-2.1669160727820054,-2.5552319448473453,8.633395,2.7779126,6.93,5.593716,2
-2.5603071797159727,-2.046306857142063,-0.72372276,1.688127,6.8860607,4.726952,2
3.7387789824024553,-0.7634612170033795,14.525817,-23.037209,8.808915,0.5193324,0
-4.625292963508104,-3.0700222661924506,1.5695397,0.06721279,7.5544686,4.419231,2
0.3863364511065392,-0.9005681672511023,6.7557836,-6.850783,7.072843,2.6190872,3
-2.7454373697595362,-4.717008282409929,10.780944,3.8726797,7.531903,5.200223,2
0.8554376749920457,0.07714212415978614,-0.09734337,-15.034502,7.828664,2.07244,3
-1.7226344455144382,-3.1403126783486224,-4.109802,2.1259017,6.6219068,4.705118,2
-2.386009743535443,2.696214670213725,-18.069874,21.389826,-2.049715,2.8018565,1
-1.3725537510481816,4.577601039272994,-8.587616,29.241295,-0.70569843,2.583762,1
-2.9278674307214305,-2.8266798913192024,3.018382,2.172806,7.6106496,5.3768463,2
-2.5395043143478917,-2.6565232767152813,2.2497745,5.7051435,6.847666,5.437901,2
-1.1160358166155007,-3.1635055046451948,5.517722,2.8816192,6.7607155,4.956563,2
4.782487696966288,1.0867216722031183,6.3792,-27.06134,9.099162,0.13614555,0
-1.1676366735030486,-1.8328994723180585,-0.32871446,-7.936241,8.284725,3.3599794,2
-2.4178688825530825,2.9691878674163457,-12.202067,28.469,-1.322066,2.4671357,1
0.5032235606026002,-2.607179435511181,4.6944675,-8.533665,7.3006163,3.0970004,3
-2.215646480643805,3.5940848598295796,-15.251412,29.989174,-2.0036128,2.2757857,1
1.705117743931188,-1.9209005976545912,5.858403,-14.772747,7.2661324,1.6788507,3
-1.4274320277171175,3.397127342434302,-9.26755,27.455765,-0.7997156,2.2073739,1
4.818829909112561,0.08854043067081263,5.764217,-32.015987,9.130346,-0.24178715,0
-2.679678672158358,-2.3778819246481606,-1.0921702,5.7390213,6.643862,4.9885864,2
0.26128249807094417,-2.1649075438603815,1.7989744,-10.592861,8.229093,2.6933181,3
-3.742597922090555,-2.620638178866967,-2.3957717,1.309786,6.8448496,4.4627013,2
3.379083995982251,0.7058254774010256,10.112558,-22.312407,7.861682,0.50815564,0
-0.9115753410777103,-1.4999427924023765,-5.5796123,-5.3685274,6.334414,3.9147615,2
-3.467877265792751,-2.552196705129684,3.217308,3.4037478,7.557437,5.2331767,2
3.1308281239685725,0.3613978949689982,6.27461,-34.726833,9.572055,-0.06373148,0
-0.29318548127002625,-1.130910805204113,0.49200535,-10.211179,7.909227,3.082786,3
-2.73677328981956,-4.373768237654644,5.773362,2.062887,7.3516593,5.303167,2
-1.6934914287902165,-1.1545676071416995,-8.636494,3.6913466,7.3782043,4.580205,2
0.7376892599599565,-2.2741743777124985,6.7168517,-8.474223,6.853162,2.8175228,3
3.8277612534717385,-0.10632760321703258,8.335757,-31.67465,8.720864,-0.3028658,0
-1.1847011849955118,-3.1196312448420804,4.230468,3.19351,6.809567,4.6808724,2
3.6664532745429255,0.3168766164901319,0.03726056,-23.594395,8.908303,1.454445,0
-2.1535975765244326,4.758727293187906,-9.105574,32.740467,-1.3890101,3.245447,1
-1.0507810274993876,5.283623121538012,-7.221236,24.996386,-0.49225137,2.0905437,1
3.753736428657031,-0.8022956386450759,10.471317,-24.625563,8.396671,0.33580956,0
1.7896289056869699,-1.6411024971584363,5.8198686,-15.626013,7.1479745,1.7241873,3
-1.5559444685679622,-3.2298051162947363,3.9484975,0.11766352,7.895745,4.616857,2
0.31310848395745783,-0.5431123308496112,-6.572065,-10.182612,8.194615,3.0147126,3
-2.2866027648399267,5.599527553184744,-7.6612616,26.143406,-0.6550161,2.0049484,1
-2.03062136653308,2.5379700785862247,-18.31221,32.328617,-2.0439224,2.8696928,1
4.195753983963636,0.5428616216032597,3.148768,-26.629,9.493048,0.71963924,0
1.9789432144422312,-2.705496503804043,0.3209549,-11.779865,7.46219,2.667785,3
1.7555206446741116,-1.2742754792831723,1.365711,-8.261709,7.7190204,2.6994615,3
-2.272874572323176,4.572801915478116,-11.677522,35.81043,-1.767145,2.7334468,1
-0.07832000548691895,-0.7986156674753534,2.9026794,-9.02285,7.424652,3.1553934,3
3.02300878097001,-0.9611408311393244,9.333047,-20.958372,8.303287,1.175458,0
0.7895007787986124,-1.9386698854464348,3.870324,-6.2339134,7.6790323,3.393956,3
2.020104489459338,0.7355910043687752,4.991421,-18.75794,7.6462955,1.3443578,0
-1.6666237476696002,3.8344253801278754,-9.792915,33.674824,-1.7432785,2.619367,1
4.090600645414643,0.3199217249523925,9.224941,-29.073992,8.4683485,-0.23979954,0
4.249220676706468,1.569100531428709,3.6548686,-33.24936,8.817268,0.4296796,0
-1.48966541706743,-1.4037884994737324,3.541091,6.8708267,6.7614675,5.7455697,2
3.1408963097999862,-0.08332666615372834,1.340375,-29.293432,8.559179,-0.08971092,0
5.109354415272628,-1.0992292283736975,11.306536,-24.03522,8.23188,0.682669,0
4.560739508066835,-1.3112562540497805,-3.0073433,-29.413881,8.830798,1.1219286,0
-1.958733157300465,-2.4069920730068888,-6.9831414,3.9660578,7.0863476,4.575812,2
-2.441989796931071,-1.8078353839587982,3.7633603,7.2153177,7.0524826,6.0740924,2
-2.365159835771079,-2.906286838268541,5.46576,-4.0459347,7.622397,3.7993488,2
-0.16299750812931638,-0.3587187078210205,10.489488,-6.085563,8.073639,2.1496673,3
4.514533801014463,0.6527395674762193,8.769425,-30.398857,8.549458,0.16156037,0
-1.2112711460296746,3.2097157666135177,-15.66885,31.53758,-1.8377584,2.6074264,1
-0.5502258828883451,2.3071449138157822,-15.458661,26.803917,-1.7880695,1.7095054,1
-2.2020242657897184,-1.7623687283906717,-0.45683536,-3.042681,7.320993,4.1458774,2
2.8808869700141613,-0.09604984832462689,9.289872,-23.189495,8.5249815,0.78596294,0
1.4710442378790964,-0.3763418244543773,11.911048,-8.276253,9.676421,0.83291346,3
-3.2078244219821683,-2.301713060691954,-4.42502,6.383822,7.0232353,5.1105456,2
4.001411581209757,2.558168070130851,-0.16872971,-24.880875,9.11412,0.6921477,0
-1.804688609463331,-2.625355004398942,4.9687643,4.470473,6.2778907,5.2226624,2
1.0850852194916785,-1.7808243534575352,-4.6261573,-10.956908,7.4163365,2.919581,3
3.6312120432288215,0.3934734709548898,-0.54767156,-30.475294,9.485992,0.31551903,0
3.4967404748206823,0.626219351346975,0.7895218,-28.671495,9.578614,0.780995,0
1.1483104375972524,-0.16838725913503957,1.401785,-12.081476,7.061285,2.5839207,3
1.8544480183122773,-1.1796693723523528,-6.0663733,-16.169815,8.4394865,2.6076124,3
-2.1110961641602493,3.527959113238546,-10.922333,22.431963,-0.98452777,2.4748404,1
-0.6895991481559329,-2.5847815189503507,-8.549355,-3.313038,8.094928,4.4035783,2
-0.7525212898888203,-0.8953801049998629,-1.6552775,-11.551879,7.372862,2.2185857,3
4.183543688301894,-0.144489150119734,10.505763,-30.28229,8.629412,-0.08902544,0
3.0043881665082424,-1.1475864577111068,4.7398915,-16.766783,7.4876814,1.2218091,0
1.6666247975126,0.11160968323544401,12.246837,-21.453833,9.271648,1.4158084,0
0.7174557446627654,-0.8065521738746037,2.357147,-13.452575,7.6497183,2.310734,3
2.385561566754493,0.5663069625715612,11.901481,-22.977234,8.667781,0.121513285,0
1.823619068901604,0.5751846218307055,-3.3975177,-10.964942,7.338167,2.9121974,3
0.5652623281541597,-0.6410913207490105,-3.5086377,-10.035004,7.4745393,2.825407,3
-2.94732685410883,4.8844825105527025,-8.407453,25.327345,-1.0185497,1.9718226,1
-2.303120148777134,-0.5581447650110023,2.8847454,1.1232374,7.811378,4.888312,2
0.08300835005382973,4.3294351317859485,-6.6811852,36.38346,-1.712802,2.1372342,1
3.2268882906930125,1.1704140202809188,10.841606,-31.808842,9.162282,0.05484306,0
-2.988215945877779,-1.701808259312564,5.6621222,1.2240789,7.5498457,5.5082397,2
-0.5665355668292881,4.5357576162193,-8.495105,29.086622,-0.59949803,2.522794,1
-2.596110667578113,-2.8912320807102523,-0.50318706,6.837007,6.9114203,5.28425,2
1.2036020501944367,-2.196176151710252,-1.9183844,-10.104476,7.6190166,2.7278697,3
-3.517148918203116,-0.4407552599331092,-8.73219,2.429817,7.362485,5.0513816,2
-1.9279853848023687,4.1966317948366365,-17.837997,24.257065,-2.12902,2.0832806,1
-2.9373455036946012,-0.2383131461895603,1.3116908,8.38644,6.4538813,5.7762823,2
-4.215474900661233,-1.0689580754555084,2.8928392,4.8166656,7.4078393,5.825824,2
1.6302482111892809,-2.524568871084628,2.590447,-10.849599,8.374067,2.496138,3
-1.2704179804777462,-5.530513999401506,-1.4078219,6.2837524,6.4594207,4.9253836,2
2.460201038379399,0.14907425642423566,-0.43706924,-17.745157,8.648649,1.9375743,0
2.4089307862525096,0.20398099606302234,2.90366,-17.052994,8.021985,1.6093622,3
-2.509633187710287,-2.674509307859176,-3.2577415,-0.50003475,7.57785,4.9059176,2
3.7822543117612564,-0.969315953423127,8.123046,-27.432333,9.08542,-0.005259378,0
-1.2713969741456355,-2.8156094726069236,2.6656334,4.704205,7.3971987,5.621753,2
-2.121331811254903,3.5393875188449977,-14.715273,35.631863,-1.5999546,1.3979716,1
-1.774164605165361,3.1792243617167943,-15.359321,21.525444,-1.3771756,2.135965,1
-0.15046258068830656,0.2595350762698909,-5.1387315,18.744999,7.769415,3.0924783,3
-2.670502101895505,-2.033333259785207,9.165617,5.9607186,6.9028625,5.802253,2
-1.9309792659387681,-3.168697854496089,7.0158257,4.576211,6.181524,5.201555,2
-1.929117425457013,-1.8835498275118383,5.2427216,6.0742083,6.849872,5.695201,2
-1.8818771611809832,-1.5929378067858733,4.025435,11.060532,6.126042,5.261299,2
-0.7876468540440507,3.412761424835734,-11.830228,31.23238,-1.6013443,2.5195792,1
-2.159989469809195,-1.8043159788576166,2.5401268,9.331528,6.714501,5.628765,2
6.024155084002681,-1.8232185289308502,10.692172,-27.748798,8.162601,0.06566784,0
3.430802054040143,-0.5113157588841833,5.060939,-20.1189,8.007826,0.9845191,0
-2.2387545169574428,-1.848358270499956,-0.78481233,0.43830985,6.8168063,4.596348,2
0.39302212230287353,0.3104916257745028,1.5064269,-14.471167,8.332559,2.1532373,3
-1.8598521580541993,4.106198407776934,-6.3707213,33.68405,-1.7530069,2.7587984,1
-1.6307217095762028,-3.449119586760108,-0.13623759,2.7644782,6.6773357,4.6499434,2
3.0336104416016543,-2.0568776637050723,12.193857,-15.907049,7.83447,0.8865692,0
-1.8096955782125543,-2.1677103048247277,-2.054549,-1.8626919,6.87244,4.1630797,2
-0.776209825162123,-2.4258071456812305,9.446395,-0.6390742,7.780078,5.162039,2
5.981554868732798,-0.4763383617951198,9.565471,-28.602549,8.207658,-0.19067276,0
3.868143835248866,0.7112501140435586,4.567479,-28.187681,9.172114,0.1976025,0
-1.6855645885862176,-4.074174987161702,-7.136436,-3.2676034,8.025868,4.5865335,2
5.038399412995999,0.275114560808997,8.207029,-27.432106,9.05066,-0.042395636,0
-1.7396465591093453,-1.1445329450402166,-8.433434,-3.3201096,8.156279,4.3027525,2
-3.3740763434007692,-2.0910522218221015,9.235208,4.6782584,6.395793,5.5041795,2
3.846415815615892,-0.1604486787614407,5.3453226,-23.294224,7.8525343,0.4150387,0
3.7041048491234543,1.0798084926032157,4.0670786,-20.498281,7.945838,0.92312336,0
1.0255954124100854,-1.3232746863488862,5.8392177,-13.221722,7.0473547,2.2080362,3
-0.4570727333107837,1.6429806627718233,-16.119114,23.65669,-2.1362355,2.029236,1
-1.3672578829177469,-2.8028574073182964,4.8653774,4.812859,6.7821326,5.6363964,2
-2.632927654615535,-2.1291918899861297,0.6342814,7.6528735,6.602767,5.6599402,2
-0.7429489993655806,3.9938011379771083,-3.8297021,29.277044,-0.44328266,2.4711869,1
-0.8663384248082144,4.1401033872282955,-5.860923,31.197481,-1.4898342,2.4337885,1
-1.211938934597119,-0.6429436618663512,-9.597758,-6.048188,7.9750743,4.0312486,2
-1.480789147741046,3.7208081126840473,-12.768293,30.103369,-1.6364214,2.116289,1
-2.132961704800396,-2.734027579474085,2.9829695,3.9669785,7.1983776,5.36254,2
-2.34167343582005,-0.50610431860465,-6.2135534,13.875762,6.2549753,3.9790351,2
-1.5390572699686031,4.363909913875274,-6.3775396,33.05385,-1.6577438,2.7431326,1
-3.0930438701919996,3.116964940961217,-9.962593,25.680098,-1.2183548,1.8721886,1
4.174706456619041,0.7697663000350708,4.975414,-28.162693,9.243771,0.05064254,0
0.6393231390300668,-1.877189791904635,2.7344067,-12.159284,7.6620317,2.4795394,3
1.6287058761985969,-2.3299804654925813,-4.317905,-13.862332,7.414815,2.318161,3
-1.402618675505621,-2.340262727211292,1.3923858,8.499116,6.4723682,5.9034176,2
-3.1210161600617417,-2.814317782341807,6.8684177,0.97170717,7.6540084,5.332979,2
-1.7485638009342623,3.377106909889416,-7.955803,21.083307,-1.0788505,2.064089,1
-1.518440077223155,3.732393382506567,-20.26958,30.88371,-0.919323,1.7812433,1
-1.3786960609051357,3.8670298441598714,-8.89416,33.717045,-1.2168201,3.2162354,1
-1.1694187420121787,2.064628831668116,-11.549361,20.6258,-0.871539,2.4335992,1
-1.7684877045193974,1.8210894951104064,-11.502994,24.955547,-1.4924314,1.6339207,1
-1.9847724866072074,3.41270296287919,-12.594698,35.94773,-1.2437656,1.944418,1
-1.5727991515607311,-2.4110535643596367,2.0302978,-2.7117944,7.5226345,4.7912765,2
-1.1333953933034382,2.4690926462987446,-12.883286,22.973148,-0.92032236,1.3976613,1
1.9391149008132944,-1.2561472562354001,11.909776,-15.372748,7.7771964,1.5054196,0
1.0304968347790409,-2.4087244752707155,10.605596,-8.54922,6.8007083,2.4889073,3
4.004710250091131,1.9906557523758786,3.5883949,-28.075453,9.358005,0.4428873,0
-2.0324795274192335,4.690227914687653,-6.4316325,36.159348,-1.1835389,2.2939389,1
5.115146027831025,-0.5538620132164482,6.041773,-24.397354,8.153555,0.13506316,0
-2.0667414733879963,-2.7037599534511254,6.9850206,3.75974,6.443562,5.1790514,2
-2.785130652028041,-2.0664851251451566,5.0781155,0.5476944,7.782313,5.1681356,2
4.719010918300556,1.6784939406103856,0.11621523,-27.869244,9.48904,0.91897976,0
4.353826419167408,-0.5858687586900999,5.5676312,-23.526894,7.8644643,0.44824532,0
-1.6614818150052875,-2.692375300286284,4.348353,3.669947,6.253927,4.934649,2
-1.1686826499821719,4.536577731916764,-14.134985,27.869064,-1.3559964,1.5477116,1
4.25475439050823,0.32661987281479515,6.367967,-30.222626,8.800089,-0.33582467,0
-3.0254917765884017,-1.059251118214502,0.54869515,11.666061,6.225446,4.317675,2
-2.5496996085111707,-2.362509899007484,3.3063967,6.598826,7.13161,5.803427,2
-2.455949972363434,4.850607573447917,-7.755638,32.831615,-1.144113,3.0161026,1
-0.23871701383904356,-0.9711478399405951,10.992609,1.2403128,6.007454,4.15036,2
4.360444846119906,-0.1598389120375694,8.936108,-27.37232,8.359845,-0.017512068,0
4.9669068322701735,0.17306664915043088,9.775196,-25.48807,8.272368,0.17050919,0
-2.8187502443791237,-1.382447556998627,7.0770597,3.9991739,6.081348,5.06409,2
1.1466720671169752,-0.5121450976351943,1.5366993,-14.183381,8.289777,2.1297212,3
-2.3773193377889257,-2.396776206684423,-3.1156662,4.6590085,6.010293,4.4775176,2
-1.247105531948226,3.7923049531182005,-10.488528,34.28697,-2.0244281,2.7810774,1
-0.8766703822796976,2.444314124402682,-4.403695,23.374805,-1.419773,3.061858,1
-2.0165125967311757,-2.5193332857711,-4.8458967,-3.1680427,6.7086687,4.417858,2
4.198920369611195,-1.2855017314403072,10.156535,-28.455803,8.248802,-0.04939169,0
-1.799482852631324,-1.753408334124165,7.2874913,-1.4687998,7.758519,5.2436237,2
1.441075454204303,-1.826457706363842,3.7795868,-12.605344,7.764809,2.2856524,3
-0.4865156740414198,4.717900231834974,-11.299389,23.781519,-1.4208441,1.8799878,1
0.5570816369221264,-0.9231481813063589,13.927987,-9.177557,8.349833,1.772903,3
1.1588128396556552,-0.2892116411554425,-0.7970587,-19.27715,8.622824,1.8864186,0
-0.8194776164775023,-2.1432250757952716,-0.03779961,-3.6312323,7.2962704,3.9985533,2
-0.8621827189044465,2.5854448268171835,-11.083728,29.942354,-1.10344,2.8361387,1
4.148276472446928,-0.3259096967338317,8.241854,-22.918646,8.415658,0.5570799,0
-0.5448165925005994,3.0660561328423617,-17.681581,28.694643,-1.6551038,1.5276428,1
-3.4016966022278465,-2.435468244546611,5.2456636,8.42851,7.1421275,5.6331425,2
-1.6926659224947491,-2.229718907373534,4.882244,7.1072936,6.760505,5.997774,2
-1.6358214658133274,4.063495008172729,-7.9713216,29.87195,-0.9121235,2.8724241,1
-2.1998541292135534,-0.9453656703940927,5.8771853,12.69544,7.0475435,3.9735942,2
2.259286454448642,1.789394909549236,7.758922,-33.187733,8.976717,-0.26918542,0
-2.5569096915722307,-0.573916650352683,-7.9651814,4.996723,7.389566,4.352235,2
3.1165806811030747,0.15651479558208845,8.80525,-26.129337,8.824964,0.09750037,0
4.128283274541468,0.5647020689307748,4.518594,-21.31621,7.7293515,0.82620996,0
-1.124550439830305,-1.2530195266874147,-1.373609,4.5488625,6.482317,3.8448372,3
-2.702600194437898,4.7013006697905775,-20.35286,30.907005,-1.1545179,2.009845,1
-0.10100263990238684,-2.468744771522828,8.608695,-11.56717,7.82055,3.0290308,3
-0.056042410560217755,-2.308215139424433,-7.592624,-3.168503,8.06264,4.401982,3
1.7703360470597749,-1.1223166285917316,9.611519,-9.556553,6.7747264,2.3712893,3
-3.448641767585841,-1.7956206327235853,-0.16956419,0.494705,7.3110213,4.473777,2
-2.950924033976662,4.435600611765593,-10.027981,28.397877,-1.2274934,2.2117085,1
-1.5265464547339067,1.9299778052733312,-5.4359593,19.541567,-0.17762628,2.2911649,1
-2.7293470180320174,-2.9675637288986874,5.647762,2.8687584,6.917453,5.3923655,2
-1.629383894651351,-3.5712609555119386,-3.4763324,5.3422065,6.100471,4.5709724,2
0.26204730257028563,-1.3628561233384067,3.3979557,-15.007667,8.002123,2.200903,3
-3.353508127843348,-1.776213116370841,-1.2433132,3.5301435,6.503957,4.544383,2
-0.20726497447511139,-2.035581366218944,10.662863,-8.750624,6.658327,2.5481672,3
0.6165518994524902,-2.646267993110701,5.0488033,-11.088058,8.106268,3.3165119,3
-0.9310987421322537,2.4413170207929498,-9.585006,30.233704,-1.3204266,2.9764671,1
-1.348042814878236,3.8243765984265563,-5.9801807,27.28145,-0.8338192,1.7308946,1
-0.8032494623564457,3.8583905145028674,-11.454123,26.306011,-1.5153674,1.9940693,1
-0.6220218387428518,4.628367604786687,-18.74224,30.433233,-1.2168026,2.2651293,1
-0.044145899613909335,3.5554558386364237,-6.832784,27.272924,-0.654651,2.0568302,1
-1.0763208992739488,4.281792338868973,-13.855857,22.804804,-1.1176034,1.4162538,1
-1.8185852090468457,3.09160077061257,-12.409053,20.862272,-1.2413869,2.6641195,1
-1.025308886412686,3.6752629298882074,-6.440138,26.352522,-0.7405741,1.75586,1
3.653434400830768,-1.1900465887064233,0.065573074,-21.855602,8.732846,1.4690415,0
-0.40639978155658857,3.5580835455053554,-7.8564177,28.079828,-0.55268943,2.150266,1
2.038590762924689,-0.5983815650082137,-2.6992877,-21.315584,7.894785,1.8441616,0
-2.7278406631355567,-2.564851538276038,4.415381,7.491294,6.8081803,6.101946,2
4.096543376603702,-0.6470405381331081,-0.6866803,-23.466652,8.55561,1.3456395,0
-1.885434433292082,3.3464030742142947,-5.4645987,32.217068,-1.2538074,2.869913,1
-3.778798060646703,-2.947327514552958,1.0402166,5.8303466,6.416277,5.077093,2
2.6926694291179603,1.2264514175500347,8.971719,-24.169004,8.774883,0.10454389,0
4.119277151557137,-1.0721746576622289,7.178989,-18.816563,7.898104,1.5123339,0
3.923004441290701,0.33142697952749284,10.549338,-22.146524,8.448231,0.6221755,0
-1.5834982434547638,6.53272607037032,-7.4019904,29.06106,-0.5916162,2.653684,1
-1.2547707867502826,3.120866765184532,-9.994932,29.283005,-1.0943506,2.804666,1
4.463157962505289,0.5114336672161327,8.103319,-22.989643,8.4394045,0.77057475,0
4.656306784711464,-1.202027911781997,6.89152,-22.15235,8.679885,0.7852002,0
0.09145483749474607,-2.0240258864491145,0.4440357,-0.76594687,6.5955167,4.1051717,3
-3.23705919551936,-3.4066679841597862,-0.56395555,9.461958,6.8699126,5.0581236,2
-0.014968646838958282,2.6492489912562256,-18.123177,21.301239,-1.9857833,2.8586602,1
3.589324440740575,-0.643992831927075,-1.4405392,-25.241854,8.861126,0.3731427,0
-3.295853360296239,-2.20120244297973,6.1836333,4.063465,7.002497,5.716439,2
-1.2142839561380059,3.124163567675144,-12.997506,23.883915,-0.9376582,1.5876311,1
-1.6232965106463868,-2.8110897788960245,8.549721,7.7137623,6.011495,5.2340207,2
-2.61703103520328,-3.124223125245996,1.210308,4.0703125,7.3123503,5.491955,2
-1.7366101956908988,-2.407674035857687,7.4950495,6.7732277,6.520332,5.278127,2
-2.2307562544831177,5.223501227870387,-14.68627,35.645836,-1.4176573,1.4845269,1
4.32497649319183,-0.9992535839635052,7.2878284,-27.602596,9.30913,0.21155037,0
-2.1613535944160804,5.204227303839569,-14.3474245,28.02753,-1.1728332,1.2531177,1
1.2300870410678773,-1.8116157316369412,-2.6541574,-8.240065,7.13376,2.6328018,3
-1.0764672690462198,2.8883355067039416,-6.739062,27.282064,-0.58829826,2.0121562,1
4.809963123005049,0.6722813175033472,1.6635945,-27.295609,9.339702,0.47610041,0
3.6685951154281344,1.617521444955503,1.6091278,-31.617676,9.557482,0.227398,0
-1.831866095849144,4.295071174396575,-13.684453,29.7233,-1.5987127,2.4940085,1
-2.4106109663492425,-2.327156142446671,9.518531,2.2933745,6.166853,5.442316,2
-0.39155939338920814,-1.01345576937339,-2.191913,2.2603762,6.3443956,4.1215353,2
-3.254187976335249,4.06453087188572,-11.395955,34.437492,-1.9617639,2.4556923,1
3.8407935280440886,-0.7721050996087868,6.240921,-34.32218,9.383693,-0.14499989,0
-3.105378962787975,-3.1962220521406266,10.836397,7.391982,6.06357,5.798079,2
0.8347397224890901,-0.4706865012166655,0.28099954,-13.50737,7.4465513,2.3188438,3
-1.655848492343486,-2.02278597348622,4.2279325,1.4247897,7.465485,5.1524796,2
1.5764534199489113,-1.2028356348125164,5.7018204,-9.572692,8.007282,2.406292,3
4.080677320039527,-1.1625776542345536,4.7509036,-21.099491,7.4889474,0.81746393,0
-0.04195462641579452,-0.9673947285368888,-0.25827888,-12.681766,6.714777,3.105256,3
-3.744124931131761,-1.4605816664393718,2.8756347,-1.7173578,7.7699904,4.6939087,2
0.6113960044703681,-2.272868963699326,7.028786,-10.644979,6.8806067,2.8696098,3
-0.6165078893001686,2.684672098366646,-12.197017,28.9081,-1.6060193,2.9151597,1
3.29460874385512,-0.450686823282959,-1.1454794,-21.08107,7.7498484,0.53829247,0
-0.11331112712285683,-0.8476492307047233,7.0517535,-5.148045,6.955691,3.4408221,3
4.596445347904006,-0.8247621813782867,1.5889775,-29.310623,8.5758295,-0.19623718,0
-2.11942244288564,4.026802198769935,-10.106831,31.323418,-1.3751383,3.1978028,1
-1.559608405281445,-3.597394875897266,-2.540965,9.145889,7.414912,5.839045,2
2.711624445876104,0.1380800019851977,10.810987,-20.016476,9.346265,1.0963789,0
-3.274347516134959,-1.4866060927634948,-6.7868724,0.48799366,7.2796955,5.1762786,2
-0.4772582427543512,3.2270989550830027,-12.199934,33.18296,-1.4973824,3.2437708,1
-2.4213192604900464,-0.5270821915294124,6.693914,5.675885,6.480452,5.8612075,2
-0.2761904820647994,-1.7924994133993757,4.512547,-4.8937287,7.678221,3.6677032,3
0.6313637904900354,-1.2873906689002803,-0.38104257,-7.9862003,8.191633,3.1938462,3
-1.8745715552896132,4.219932191746676,-13.149172,26.16502,-2.028599,2.1585438,1
2.8572566585833488,0.7021354586989654,-1.6944957,-23.522198,8.522756,0.9211577,0
-3.4081585810338986,-2.896785162228857,-6.9600897,0.7086419,7.2603216,5.2148933,2
-4.560257619779549,-3.234507651342502,-7.1358094,1.8117694,7.113202,5.162327,2
-3.597653075518375,-2.9623126914085414,1.1364421,3.4965456,7.3481517,5.5688934,2
4.1810759817836365,-1.918858101534762,10.742499,-28.72294,8.245619,0.083425574,0
-1.690333043038578,-2.1721321221196956,-1.221129,12.589478,6.403433,5.133553,2
0.9850156485440902,-2.0310864043414387,3.9279103,-10.904227,7.8714027,2.7148738,3
-2.953022128387123,-0.9591501222268611,5.933102,0.1695451,7.9630184,5.0739713,2
4.366543097774769,1.7688444760477164,7.5970087,-21.398193,8.411379,0.7857723,0
-2.1301135242278395,-2.666513467499855,10.836267,6.439767,6.034594,5.69294,2
2.7677654233765674,0.23726603862054987,3.4407232,-18.220263,8.259686,1.2395027,0
-1.09144694011452,-0.7474978188548304,-1.984749,16.57476,8.0294485,5.330078,2
-2.416690147007706,-3.391401500833801,0.758094,1.5721105,7.0527945,4.540479,2
-2.1171166790957243,-3.475566211365691,6.199231,7.629273,6.7318025,6.023545,2
-1.1875920695008166,6.365471867481974,-14.298992,27.223011,-1.2243689,1.5625893,1
-0.5413625897088573,-1.554378628163634,1.8981073,-5.141508,7.366848,3.4731364,3
-1.2607608133710841,-1.4877903905393617,-5.788675,-8.143888,7.8346367,3.3838494,3
-2.1389009018613794,3.8245137625950956,-14.029982,34.75576,-1.3672384,1.5316473,1
4.275849325781051,-0.26772428073647503,-1.6764413,-25.270672,9.081813,1.0587692,0
-1.6252586319950886,-2.004638720890902,5.201686,6.6308765,6.727264,6.0055914,2
-1.9175377958358413,-2.864195015246976,-1.9557986,-3.0960584,7.197493,4.0704174,2
5.081652250028992,0.7638832048512225,8.189901,-29.998852,8.742773,-0.14668818,0
3.8888426039686697,1.0754718416000968,3.5107882,-19.055174,8.101085,0.90590733,0
-2.1800420790460584,4.994113844597801,-8.6098995,30.122858,-1.1683692,2.8567317,1
3.7169584848973964,0.8212186434465392,4.28902,-26.691141,9.07456,0.54701877,0
-3.28426013383576,-1.2405811400613973,3.9916708,12.255556,6.4232254,5.387842,2
-2.1644476242963333,4.165957109128978,-7.7232046,27.889885,-0.6754918,2.2992213,1
-0.9727106430475576,3.213825479088545,-5.0713143,27.813244,-0.22001196,2.262895,1
0.18826078029028545,-0.025268106049634625,-9.218663,-9.441079,7.586119,3.4256618,3
-3.477109081769322,-1.5646396216287812,7.5017056,2.5200377,6.7765894,5.4795947,2
1.0054253449312451,-0.9415908225215105,0.49861512,-12.763542,7.253345,2.4648225,3
4.257567280014982,0.4274450316960527,14.490614,-21.746563,8.673663,0.91997457,0
-0.8039525832566907,-3.3444728321861414,11.300686,5.752076,6.7253423,4.1189184,3
-2.8185755446547716,-1.9916048832018813,1.0608028,11.467108,6.108834,4.4465594,2
-2.308826713113453,3.267052845451075,-10.93613,23.43426,-0.99557704,1.9414119,1
-2.868914389515478,-2.0865604975250682,3.4682004,5.2178054,7.4116306,6.0526247,2
0.5060634608329689,-0.9114539670861399,4.7233725,-6.795179,7.079981,3.2451878,3
-2.5683728959253593,4.522823689999139,-11.726899,37.859013,-1.3632654,3.0743213,1
3.6784106527441884,0.43299700267865276,-5.4435673,-20.628712,8.991724,0.9234213,0
4.259508424637512,0.38500493910382,1.7272552,-22.005123,8.764245,0.9064059,0
1.4880087763318497,-1.1081245524928014,6.908556,-12.797767,7.118408,2.2765472,3
-3.983571101913589,3.635671086552756,-16.491209,26.307775,-2.2155416,1.9602762,1
2.169663880742489,-1.6579107247737617,-4.564603,-17.53018,7.3123536,2.5220456,3
-2.170540286605564,3.7430642748229173,-16.057167,33.323853,-1.9997822,2.4765499,1
4.120177692240396,-1.123545252523355,5.328481,-20.652042,7.8165426,1.0679746,0
-3.731337780967435,-2.5352339535637687,1.7820508,2.843084,7.77087,5.6081386,2
-2.12947955865861,-3.579809916011831,-1.4234548,1.5318265,6.685497,4.5004835,2
-0.14407055087311257,-0.7672184172347373,2.2409887,-8.68242,7.7431808,3.2677698,3
-2.545647555074378,4.330477888514448,-4.2846894,30.99388,-0.8092713,2.5294209,1
-0.9347575158623319,3.8300851255559647,-16.640253,29.230923,-1.8417284,1.6111006,1
-2.6024495080304084,-1.678806269318099,3.9145868,-2.4231758,7.274365,4.972357,2
-2.6726591731191123,-3.755565302882658,-4.5693426,2.7036307,6.47894,4.8358326,2
0.6301366684573307,-1.6796417844451794,-3.6140432,-9.931436,7.462784,3.0015895,3
2.0346631797312087,-1.7732249658829407,-5.574645,-20.328356,8.368483,1.5665358,3
-3.4416553499502403,-1.6991739670753572,9.235122,4.9433346,6.741441,5.26774,2
-2.3839748575166193,4.555350212886675,-4.129429,34.10867,-0.6020533,2.761895,1
-2.019060269018488,3.6115282104853144,-11.8494005,22.874487,-0.7488919,1.5889907,1
-0.3918176109414521,3.993186806353823,-9.505194,35.13819,-1.5738181,3.0863948,1
0.2898777627320391,-0.05273270500945001,-3.5392847,-7.4983687,6.837611,2.931382,3
-3.4710400786731808,-1.8686626046654937,7.458464,9.190268,6.994345,5.2049737,2
3.2463082645206374,-1.8395781575747507,6.00129,-18.77768,8.025239,1.2289933,0
1.2564059996094326,-2.3741507417915195,-4.843588,-14.015835,7.344841,2.3240516,3
5.235885699665059,1.6537412795749524,5.7232547,-31.13792,8.992359,-0.3575803,0
-1.58567978226067,5.75955847891043,-15.179783,33.040165,-1.8923128,2.3000321,1
2.0903088459714665,-0.9003223944801945,9.484809,-12.907088,8.29876,2.2501178,3
4.355525868343901,-0.2889271880447318,8.931734,-25.611212,8.324988,0.28516778,0
0.21499690918597383,-0.6166840985837231,5.9640555,-10.169567,7.823905,2.4028797,3
-0.985732685739495,2.3243787055546195,-5.868122,23.285566,-1.3656056,2.554304,1
3.8085265058845525,-0.8007534744104081,12.542031,-28.608107,8.071261,-0.08173811,0
4.96881510959948,0.012277750772133075,7.0723033,-24.170527,8.139741,0.27003804,0
0.1604519869612288,-1.262614576735635,-2.1962888,-7.74261,7.560896,3.3067305,3
3.996302295815501,0.5645028244103382,5.912989,-24.577295,7.8035955,0.31015167,0
5.531579305903433,-1.2242073948895338,0.70955884,-20.228077,8.132291,0.93718153,0
-0.7665221707839184,-0.6338628062064657,2.439434,0.5382596,8.181346,4.4335666,2
-0.7362530496505818,3.880536695183702,-16.727858,27.522738,-1.7612579,1.7745253,1
-0.9632262591798336,-1.3570019965531148,7.1756496,-4.893593,6.8936963,3.639722,2
3.968885354950797,-0.27303605196964353,5.646835,-26.280172,8.801611,0.04295865,0
-2.6238756461335484,-2.733789172395725,-2.5492373,-1.8926582,7.3078356,4.7406354,2
-2.4132630993123914,-1.5193772767549405,-1.6445045,5.178633,6.428527,4.788821,2
1.268691560726278,-1.8447196633494283,4.268362,-15.789632,7.872307,1.9970458,3
3.9333576942253576,-0.3389329640685823,7.4499044,-21.885792,8.305163,0.8491282,0
-3.284112235375195,-3.4333530803101637,-1.5335593,8.4634695,7.2694926,5.825578,2
-0.9856300674381313,4.084830802570294,-8.761659,31.390924,-1.1690898,2.789739,1
4.463182619357275,0.9363935546353436,3.5236793,-29.5868,8.936008,0.033726443,0
-0.2840194575701567,-0.7123545743365309,1.0316079,-6.1704,8.316148,3.6950817,3
-1.3610939443697987,3.944202022221849,-10.435536,31.252007,-1.0439887,3.1152794,1
1.133367587737528,-0.2789127502558445,-0.53863305,-10.651904,7.6693044,2.940586,3
4.571315149041125,1.6197689384579865,13.562091,-28.0669,8.02172,0.012352312,0
4.545813417045011,0.8257129075601082,1.7942902,-24.413937,8.770825,0.43879545,0
0.7427930767052018,0.012707760654569264,2.6581209,-15.932861,8.062892,2.1717968,3
1.179280728686893,-0.15098397779914036,12.636681,-18.133163,9.037087,1.7839419,3
-0.8589651718623325,3.0095039069043814,-11.429166,25.906496,-1.4731733,2.2198782,1
-1.8594492553411912,-2.509852809113096,-2.6553319,7.4667926,6.3407874,4.8060827,2
1.0400449174298558,-2.0512388227588554,11.161412,-9.714186,6.6004024,2.619559,3
-1.2317819820687466,3.5229960104715463,-6.426912,29.422083,-0.5322205,2.6243236,1
-3.3699199487408054,2.9528276394884148,-2.0772867,26.492052,-0.9408662,2.2096307,1
0.016937179351392596,-0.8599116557707687,3.0817077,-7.410643,7.186259,3.482958,3
1.1144026522135944,-0.9909804595428477,8.093983,-11.885177,7.795852,3.0023718,3
3.7474712928242364,-0.19019380616291418,7.188058,-28.031961,9.062686,-0.08093586,0
-1.460220852533927,-0.7797774321603633,4.032212,14.234661,7.068003,6.1006494,2
-1.386616848902293,4.230320050796127,-16.95865,31.990719,-1.8407782,2.8419878,1
2.692619962251998,-0.5209241945414038,-1.0722339,-21.049408,7.639636,0.62595826,0
-2.4725181686451836,-1.5546406518185616,0.8026902,0.80193764,7.1005507,4.4757195,2
-1.5089528974726507,4.301313427324769,-14.624309,25.934486,-1.9421947,1.6574792,1
4.317258606342875,0.5813313199486561,1.0051767,-23.384575,8.784699,1.0509802,0
-1.6375191950312706,4.313580863953476,-15.911006,28.041927,-1.9882088,1.6701642,1
-2.4929603591747767,-0.8476690707322814,2.929388,6.3522544,6.744908,5.4085455,2
1.5627067520289248,-1.909288736560257,7.0205836,-16.118982,7.187804,1.987529,3
0.2696266801982051,-2.2960496586282666,-0.014137443,-10.2084465,7.8164077,3.1663766,3
3.4288159672799807,0.012278132268642045,4.6947684,-22.541592,7.95566,0.888556,0
0.1973714261092694,-1.4099190302178737,-0.2386672,-9.720241,8.057956,2.9125414,3
-2.9130402165256286,-1.7920607395260133,4.922627,9.302799,6.4244576,5.996196,2
-3.55826966608494,-2.8691515898604525,-7.102591,4.570313,7.4328566,4.8776917,2
-3.538186335008927,-2.577187403234871,2.194353,0.40464628,7.8005023,4.765077,2
-2.401462319183142,-1.7548418508511432,-1.1939594,5.1462536,6.425858,4.3209996,2
-2.6029730071872077,4.453622468498699,-6.8885393,30.376333,-0.7965544,2.7668474,1
1.618385668399669,-1.4327333985079354,12.670409,-13.31082,8.775655,2.5649889,3
-1.7198186419452748,-2.9056144559227546,-3.3046482,-0.08816685,7.717296,4.2744966,2
4.1775800590937795,-0.08879058581887408,5.103253,-17.354984,7.5448294,1.1622332,0
-2.393700294043728,4.786463673192471,-12.183319,35.97847,-1.5362998,2.625119,1
4.00463249327475,-0.10074204794353193,6.749126,-25.633234,9.566128,0.8257761,0
-2.7456869040218486,-2.35756434503417,2.7884886,2.0853598,7.5947485,5.433871,2
-2.2304678232976225,-2.4010245480944357,-1.474215,-0.63582045,6.5478597,4.201657,2
-2.6497790465089546,3.0187396973217036,-12.290041,33.33761,-1.4281226,3.2148309,1
1.4804013558388134,-1.0330777137241505,8.477663,-14.5642605,7.479527,1.7045022,3
-1.3854026902943724,3.641016242428205,-3.2685144,24.842472,-1.5760988,2.8737113,1
-0.054847256587518024,-0.6079149712507504,-0.48660728,-7.0780425,8.382573,3.3147569,3
-1.5233711489965183,3.887560860969747,-7.6735377,35.10139,-0.88748646,2.2424338,1
-1.4334174315134405,3.0194512379081067,-10.81345,20.443151,-0.8149364,2.5286627,1
-2.076031179243461,-1.823569777098175,1.9305801,-2.896335,7.6316504,4.6698813,2
-3.3079466833842734,-2.208967060953058,5.1624727,-0.06050182,8.0345745,5.047642,2
0.2891153415290587,-2.5732665504160317,7.5359836,-8.264675,6.9982295,2.5569682,3
